<?xml version="1.0" encoding="UTF-8"?>
<project-private xmlns="http://www.netbeans.org/ns/project-private/1">
    <editor-bookmarks xmlns="http://www.netbeans.org/ns/editor-bookmarks/2" lastBookmarkId="0"/>
    <open-files xmlns="http://www.netbeans.org/ns/projectui-open-files/2">
        <group>
            <file>file:/H:/James%20Hood/Main%20Project/30512007_Shop/src/views/BrowseProducts.java</file>
            <file>file:/H:/James%20Hood/Main%20Project/30512007_Shop/src/views/Basket.java</file>
            <file>file:/H:/James%20Hood/Main%20Project/30512007_Shop/src/views/MainMenu.java</file>
        </group>
    </open-files>
</project-private>
